{
  "ABIRoot": {
    "kind": "Root",
    "name": "TopLevel",
    "printedName": "TopLevel",
    "children": [
      {
        "kind": "Import",
        "name": "SwiftUI",
        "printedName": "SwiftUI",
        "declKind": "Import",
        "moduleName": "CheckoutAndPaymentUI",
        "declAttributes": [
          "RawDocComment"
        ]
      },
      {
        "kind": "TypeDecl",
        "name": "CheckoutAndPaymentView",
        "printedName": "CheckoutAndPaymentView",
        "children": [
          {
            "kind": "Constructor",
            "name": "init",
            "printedName": "init()",
            "children": [
              {
                "kind": "TypeNominal",
                "name": "CheckoutAndPaymentView",
                "printedName": "CheckoutAndPaymentUI.CheckoutAndPaymentView",
                "usr": "s:20CheckoutAndPaymentUI0abC4ViewV"
              }
            ],
            "declKind": "Constructor",
            "usr": "s:20CheckoutAndPaymentUI0abC4ViewVACycfc",
            "mangledName": "$s20CheckoutAndPaymentUI0abC4ViewVACycfc",
            "moduleName": "CheckoutAndPaymentUI",
            "declAttributes": [
              "AccessControl"
            ],
            "init_kind": "Designated"
          },
          {
            "kind": "Var",
            "name": "body",
            "printedName": "body",
            "children": [
              {
                "kind": "TypeNominal",
                "name": "OpaqueTypeArchetype",
                "printedName": "some SwiftUI.View",
                "children": [
                  {
                    "kind": "TypeNominal",
                    "name": "View",
                    "printedName": "SwiftUI.View",
                    "usr": "s:7SwiftUI4ViewP"
                  }
                ]
              }
            ],
            "declKind": "Var",
            "usr": "s:20CheckoutAndPaymentUI0abC4ViewV4bodyQrvp",
            "mangledName": "$s20CheckoutAndPaymentUI0abC4ViewV4bodyQrvp",
            "moduleName": "CheckoutAndPaymentUI",
            "declAttributes": [
              "Custom",
              "AccessControl"
            ],
            "accessors": [
              {
                "kind": "Accessor",
                "name": "Get",
                "printedName": "Get()",
                "children": [
                  {
                    "kind": "TypeNominal",
                    "name": "OpaqueTypeArchetype",
                    "printedName": "some SwiftUI.View",
                    "children": [
                      {
                        "kind": "TypeNominal",
                        "name": "View",
                        "printedName": "SwiftUI.View",
                        "usr": "s:7SwiftUI4ViewP"
                      }
                    ]
                  }
                ],
                "declKind": "Accessor",
                "usr": "s:20CheckoutAndPaymentUI0abC4ViewV4bodyQrvg",
                "mangledName": "$s20CheckoutAndPaymentUI0abC4ViewV4bodyQrvg",
                "moduleName": "CheckoutAndPaymentUI",
                "accessorKind": "get"
              }
            ]
          }
        ],
        "declKind": "Struct",
        "usr": "s:20CheckoutAndPaymentUI0abC4ViewV",
        "mangledName": "$s20CheckoutAndPaymentUI0abC4ViewV",
        "moduleName": "CheckoutAndPaymentUI",
        "declAttributes": [
          "AccessControl"
        ],
        "conformances": [
          {
            "kind": "Conformance",
            "name": "View",
            "printedName": "View",
            "children": [
              {
                "kind": "TypeWitness",
                "name": "Body",
                "printedName": "Body",
                "children": [
                  {
                    "kind": "TypeNominal",
                    "name": "OpaqueTypeArchetype",
                    "printedName": "some SwiftUI.View",
                    "children": [
                      {
                        "kind": "TypeNominal",
                        "name": "View",
                        "printedName": "SwiftUI.View",
                        "usr": "s:7SwiftUI4ViewP"
                      }
                    ]
                  }
                ]
              }
            ],
            "usr": "s:7SwiftUI4ViewP",
            "mangledName": "$s7SwiftUI4ViewP"
          }
        ]
      }
    ],
    "json_format_version": 8
  },
  "ConstValues": []
}